input,output,metrics/agentic_session_success,metrics/agentic_workflow_success
"[{""content"": ""Answer the following questions as best you can. You have access to the following tools:\n\nsay_hello(x) - Greets the user by name\ncalculate(x) - Evaluates a math expression\n\nUse the following format:\n\nQuestion: the input question you must answer\nThought: you should always think about what to do\nAction: the action to take, should be one of [say_hello, calculate]\nAction Input: the input to the action\nObservation: the result of the action\n... (this Thought/Action/Action Input/Observation can repeat N times)\nThought: I now know the final answer\nFinal Answer: the final answer to the original input question\n\nBegin!\n\nQuestion: If I have $100 and I spend $45.75 on groceries, how much money will I have left?\nThought:Thought: I need to subtract the cost of groceries from the starting amount.\nAction: calculate\nAction Input: 100 - 45.75\nObservation: 54.25\nThought:"", ""role"": ""user""}]","{""content"": ""Thought: I now know the final answer\nFinal Answer: $54.25 \n"", ""role"": ""assistant""}",1.0,1.0
"[{""content"": ""Answer the following questions as best you can. You have access to the following tools:\n\nsay_hello(x) - Greets the user by name\ncalculate(x) - Evaluates a math expression\n\nUse the following format:\n\nQuestion: the input question you must answer\nThought: you should always think about what to do\nAction: the action to take, should be one of [say_hello, calculate]\nAction Input: the input to the action\nObservation: the result of the action\n... (this Thought/Action/Action Input/Observation can repeat N times)\nThought: I now know the final answer\nFinal Answer: the final answer to the original input question\n\nBegin!\n\nQuestion: If I have $100 and I spend $45.75 on groceries, how much money will I have left?\nThought:"", ""role"": ""user""}]","{""content"": ""Thought: I need to subtract the cost of groceries from the starting amount.\nAction: calculate\nAction Input: 100 - 45.75"", ""role"": ""assistant""}",0.0,0.20000000298023200
"[{""content"": ""Answer the following questions as best you can. You have access to the following tools:\n\nsay_hello(x) - Greets the user by name\ncalculate(x) - Evaluates a math expression\n\nUse the following format:\n\nQuestion: the input question you must answer\nThought: you should always think about what to do\nAction: the action to take, should be one of [say_hello, calculate]\nAction Input: the input to the action\nObservation: the result of the action\n... (this Thought/Action/Action Input/Observation can repeat N times)\nThought: I now know the final answer\nFinal Answer: the final answer to the original input question\n\nBegin!\n\nQuestion: How much will I pay in total if I buy 2 pizzas priced at $15.99 each and a drink for $3.50, but the drink is free with a coupon?\nThought:Thought: I need to calculate the cost of the pizzas and subtract the price of the drink since it's free. \nAction: calculate\nAction Input: (2 * 15.99) \nObservation: 31.98\nThought:Thought: I need to subtract the price of the drink from the total cost of the pizzas.\nAction: calculate\nAction Input: 31.98 - 3.50\nObservation: 28.48\nThought:"", ""role"": ""user""}]","{""content"": ""Thought: I now know the final answer\nFinal Answer: $28.48 \n"", ""role"": ""assistant""}",0.3333333432674410,0.0
"[{""content"": ""Answer the following questions as best you can. You have access to the following tools:\n\nsay_hello(x) - Greets the user by name\ncalculate(x) - Evaluates a math expression\n\nUse the following format:\n\nQuestion: the input question you must answer\nThought: you should always think about what to do\nAction: the action to take, should be one of [say_hello, calculate]\nAction Input: the input to the action\nObservation: the result of the action\n... (this Thought/Action/Action Input/Observation can repeat N times)\nThought: I now know the final answer\nFinal Answer: the final answer to the original input question\n\nBegin!\n\nQuestion: How much will I pay in total if I buy 2 pizzas priced at $15.99 each and a drink for $3.50, but the drink is free with a coupon?\nThought:Thought: I need to calculate the cost of the pizzas and subtract the price of the drink since it's free. \nAction: calculate\nAction Input: (2 * 15.99) \nObservation: 31.98\nThought:"", ""role"": ""user""}]","{""content"": ""Thought: I need to subtract the price of the drink from the total cost of the pizzas.\nAction: calculate\nAction Input: 31.98 - 3.50"", ""role"": ""assistant""}",0.0,0.0
"[{""content"": ""Answer the following questions as best you can. You have access to the following tools:\n\nsay_hello(x) - Greets the user by name\ncalculate(x) - Evaluates a math expression\n\nUse the following format:\n\nQuestion: the input question you must answer\nThought: you should always think about what to do\nAction: the action to take, should be one of [say_hello, calculate]\nAction Input: the input to the action\nObservation: the result of the action\n... (this Thought/Action/Action Input/Observation can repeat N times)\nThought: I now know the final answer\nFinal Answer: the final answer to the original input question\n\nBegin!\n\nQuestion: How much will I pay in total if I buy 2 pizzas priced at $15.99 each and a drink for $3.50, but the drink is free with a coupon?\nThought:"", ""role"": ""user""}]","{""content"": ""Thought: I need to calculate the cost of the pizzas and subtract the price of the drink since it's free. \nAction: calculate\nAction Input: (2 * 15.99) "", ""role"": ""assistant""}",0.0,0.20000000298023200
"[{""content"": ""Answer the following questions as best you can. You have access to the following tools:\n\nsay_hello(x) - Greets the user by name\ncalculate(x) - Evaluates a math expression\n\nUse the following format:\n\nQuestion: the input question you must answer\nThought: you should always think about what to do\nAction: the action to take, should be one of [say_hello, calculate]\nAction Input: the input to the action\nObservation: the result of the action\n... (this Thought/Action/Action Input/Observation can repeat N times)\nThought: I now know the final answer\nFinal Answer: the final answer to the original input question\n\nBegin!\n\nQuestion: How much will I save if I get a 20% discount on a jacket originally priced at $150?\nThought:Thought: I need to calculate the discount amount. \nAction: calculate\nAction Input: 0.20 * 150\nObservation: 30.0\nThought:Thought: I need to subtract the discount from the original price to find the sale price. \nAction: calculate\nAction Input: 150 - 30\nObservation: 120\nThought:"", ""role"": ""user""}]","{""content"": ""Thought: I now know the final answer\nFinal Answer: You will save $30.00 and the jacket will cost $120.00. \n"", ""role"": ""assistant""}",1.0,1.0
"[{""content"": ""Answer the following questions as best you can. You have access to the following tools:\n\nsay_hello(x) - Greets the user by name\ncalculate(x) - Evaluates a math expression\n\nUse the following format:\n\nQuestion: the input question you must answer\nThought: you should always think about what to do\nAction: the action to take, should be one of [say_hello, calculate]\nAction Input: the input to the action\nObservation: the result of the action\n... (this Thought/Action/Action Input/Observation can repeat N times)\nThought: I now know the final answer\nFinal Answer: the final answer to the original input question\n\nBegin!\n\nQuestion: How much will I save if I get a 20% discount on a jacket originally priced at $150?\nThought:Thought: I need to calculate the discount amount. \nAction: calculate\nAction Input: 0.20 * 150\nObservation: 30.0\nThought:"", ""role"": ""user""}]","{""content"": ""Thought: I need to subtract the discount from the original price to find the sale price. \nAction: calculate\nAction Input: 150 - 30"", ""role"": ""assistant""}",0.0,0.0
"[{""content"": ""Answer the following questions as best you can. You have access to the following tools:\n\nsay_hello(x) - Greets the user by name\ncalculate(x) - Evaluates a math expression\n\nUse the following format:\n\nQuestion: the input question you must answer\nThought: you should always think about what to do\nAction: the action to take, should be one of [say_hello, calculate]\nAction Input: the input to the action\nObservation: the result of the action\n... (this Thought/Action/Action Input/Observation can repeat N times)\nThought: I now know the final answer\nFinal Answer: the final answer to the original input question\n\nBegin!\n\nQuestion: How much will I save if I get a 20% discount on a jacket originally priced at $150?\nThought:"", ""role"": ""user""}]","{""content"": ""Thought: I need to calculate the discount amount. \nAction: calculate\nAction Input: 0.20 * 150"", ""role"": ""assistant""}",0.0,0.20000000298023200
"[{""content"": ""Answer the following questions as best you can. You have access to the following tools:\n\nsay_hello(x) - Greets the user by name\ncalculate(x) - Evaluates a math expression\n\nUse the following format:\n\nQuestion: the input question you must answer\nThought: you should always think about what to do\nAction: the action to take, should be one of [say_hello, calculate]\nAction Input: the input to the action\nObservation: the result of the action\n... (this Thought/Action/Action Input/Observation can repeat N times)\nThought: I now know the final answer\nFinal Answer: the final answer to the original input question\n\nBegin!\n\nQuestion: Calculate the area of a rectangle with a length of 8 meters and a width of 5 meters.\nThought:Thought: I need to use the formula for the area of a rectangle: area = length * width.\nAction: calculate\nAction Input: 8 * 5\nObservation: 40\nThought:"", ""role"": ""user""}]","{""content"": ""Thought: I now know the final answer\nFinal Answer: 40 square meters \n"", ""role"": ""assistant""}",1.0,1.0
"[{""content"": ""Answer the following questions as best you can. You have access to the following tools:\n\nsay_hello(x) - Greets the user by name\ncalculate(x) - Evaluates a math expression\n\nUse the following format:\n\nQuestion: the input question you must answer\nThought: you should always think about what to do\nAction: the action to take, should be one of [say_hello, calculate]\nAction Input: the input to the action\nObservation: the result of the action\n... (this Thought/Action/Action Input/Observation can repeat N times)\nThought: I now know the final answer\nFinal Answer: the final answer to the original input question\n\nBegin!\n\nQuestion: Calculate the area of a rectangle with a length of 8 meters and a width of 5 meters.\nThought:"", ""role"": ""user""}]","{""content"": ""Thought: I need to use the formula for the area of a rectangle: area = length * width.\nAction: calculate\nAction Input: 8 * 5"", ""role"": ""assistant""}",0.0,0.4000000059604650
"[{""content"": ""Answer the following questions as best you can. You have access to the following tools:\n\nsay_hello(x) - Greets the user by name\ncalculate(x) - Evaluates a math expression\n\nUse the following format:\n\nQuestion: the input question you must answer\nThought: you should always think about what to do\nAction: the action to take, should be one of [say_hello, calculate]\nAction Input: the input to the action\nObservation: the result of the action\n... (this Thought/Action/Action Input/Observation can repeat N times)\nThought: I now know the final answer\nFinal Answer: the final answer to the original input question\n\nBegin!\n\nQuestion: If a recipe requires 2.5 cups of flour and I want to make half the recipe, how much flour do I need?\nThought:Thought: I need to calculate half of 2.5 cups.\nAction: calculate\nAction Input: 2.5 / 2\nObservation: 1.25\nThought:"", ""role"": ""user""}]","{""content"": ""Thought: I now know the final answer\nFinal Answer: 1.25 cups \n"", ""role"": ""assistant""}",1.0,1.0
"[{""content"": ""Answer the following questions as best you can. You have access to the following tools:\n\nsay_hello(x) - Greets the user by name\ncalculate(x) - Evaluates a math expression\n\nUse the following format:\n\nQuestion: the input question you must answer\nThought: you should always think about what to do\nAction: the action to take, should be one of [say_hello, calculate]\nAction Input: the input to the action\nObservation: the result of the action\n... (this Thought/Action/Action Input/Observation can repeat N times)\nThought: I now know the final answer\nFinal Answer: the final answer to the original input question\n\nBegin!\n\nQuestion: If a recipe requires 2.5 cups of flour and I want to make half the recipe, how much flour do I need?\nThought:"", ""role"": ""user""}]","{""content"": ""Thought: I need to calculate half of 2.5 cups.\nAction: calculate\nAction Input: 2.5 / 2"", ""role"": ""assistant""}",0.0,0.4000000059604650
"[{""content"": ""Answer the following questions as best you can. You have access to the following tools:\n\nsay_hello(x) - Greets the user by name\ncalculate(x) - Evaluates a math expression\n\nUse the following format:\n\nQuestion: the input question you must answer\nThought: you should always think about what to do\nAction: the action to take, should be one of [say_hello, calculate]\nAction Input: the input to the action\nObservation: the result of the action\n... (this Thought/Action/Action Input/Observation can repeat N times)\nThought: I now know the final answer\nFinal Answer: the final answer to the original input question\n\nBegin!\n\nQuestion: What is the result of subtracting a number from itself, where the number is represented as a string \""20\""?\nThought:"", ""role"": ""user""}]","{""content"": ""Thought: I need to subtract the string \""20\"" from itself.  This can be done using the calculate function.\nAction: calculate\nAction Input: \""20\"" - \""20\"""", ""role"": ""assistant""}",0.0,1.0
"[{""content"": ""Answer the following questions as best you can. You have access to the following tools:\n\nsay_hello(x) - Greets the user by name\ncalculate(x) - Evaluates a math expression\n\nUse the following format:\n\nQuestion: the input question you must answer\nThought: you should always think about what to do\nAction: the action to take, should be one of [say_hello, calculate]\nAction Input: the input to the action\nObservation: the result of the action\n... (this Thought/Action/Action Input/Observation can repeat N times)\nThought: I now know the final answer\nFinal Answer: the final answer to the original input question\n\nBegin!\n\nQuestion: How much will I have left if I start with $200 and spend $75.25 on a new jacket and $30.50 on dinner?\nThought:Thought: I need to subtract the cost of the jacket and dinner from the starting amount.\nAction: calculate\nAction Input: 200 - 75.25 - 30.50\nObservation: 94.25\nThought:"", ""role"": ""user""}]","{""content"": ""Thought: I now know the final answer\nFinal Answer: $94.25 \n"", ""role"": ""assistant""}",1.0,1.0
"[{""content"": ""Answer the following questions as best you can. You have access to the following tools:\n\nsay_hello(x) - Greets the user by name\ncalculate(x) - Evaluates a math expression\n\nUse the following format:\n\nQuestion: the input question you must answer\nThought: you should always think about what to do\nAction: the action to take, should be one of [say_hello, calculate]\nAction Input: the input to the action\nObservation: the result of the action\n... (this Thought/Action/Action Input/Observation can repeat N times)\nThought: I now know the final answer\nFinal Answer: the final answer to the original input question\n\nBegin!\n\nQuestion: How much will I have left if I start with $200 and spend $75.25 on a new jacket and $30.50 on dinner?\nThought:"", ""role"": ""user""}]","{""content"": ""Thought: I need to subtract the cost of the jacket and dinner from the starting amount.\nAction: calculate\nAction Input: 200 - 75.25 - 30.50"", ""role"": ""assistant""}",0.0,0.20000000298023200
"[{""content"": ""Answer the following questions as best you can. You have access to the following tools:\n\nsay_hello(x) - Greets the user by name\ncalculate(x) - Evaluates a math expression\n\nUse the following format:\n\nQuestion: the input question you must answer\nThought: you should always think about what to do\nAction: the action to take, should be one of [say_hello, calculate]\nAction Input: the input to the action\nObservation: the result of the action\n... (this Thought/Action/Action Input/Observation can repeat N times)\nThought: I now know the final answer\nFinal Answer: the final answer to the original input question\n\nBegin!\n\nQuestion: How much will I pay in total if I buy 4 books priced at $12.99 each and a pen for $2.50?\nThought:Thought: I need to calculate the cost of the books and add the cost of the pen.\nAction: calculate\nAction Input: (4 * 12.99) + 2.50\nObservation: 54.46\nThought:"", ""role"": ""user""}]","{""content"": ""Thought: I now know the final answer\nFinal Answer: $54.46 \n"", ""role"": ""assistant""}",1.0,1.0
"[{""content"": ""Answer the following questions as best you can. You have access to the following tools:\n\nsay_hello(x) - Greets the user by name\ncalculate(x) - Evaluates a math expression\n\nUse the following format:\n\nQuestion: the input question you must answer\nThought: you should always think about what to do\nAction: the action to take, should be one of [say_hello, calculate]\nAction Input: the input to the action\nObservation: the result of the action\n... (this Thought/Action/Action Input/Observation can repeat N times)\nThought: I now know the final answer\nFinal Answer: the final answer to the original input question\n\nBegin!\n\nQuestion: How much will I pay in total if I buy 4 books priced at $12.99 each and a pen for $2.50?\nThought:"", ""role"": ""user""}]","{""content"": ""Thought: I need to calculate the cost of the books and add the cost of the pen.\nAction: calculate\nAction Input: (4 * 12.99) + 2.50"", ""role"": ""assistant""}",0.0,0.0
"[{""content"": ""Answer the following questions as best you can. You have access to the following tools:\n\nsay_hello(x) - Greets the user by name\ncalculate(x) - Evaluates a math expression\n\nUse the following format:\n\nQuestion: the input question you must answer\nThought: you should always think about what to do\nAction: the action to take, should be one of [say_hello, calculate]\nAction Input: the input to the action\nObservation: the result of the action\n... (this Thought/Action/Action Input/Observation can repeat N times)\nThought: I now know the final answer\nFinal Answer: the final answer to the original input question\n\nBegin!\n\nQuestion: What is the result of multiplying 12 by a string \""3\""?\nThought:"", ""role"": ""user""}]","{""content"": ""Thought: I need to evaluate the expression \""12 * \""3\""\"".  \nAction: calculate\nAction Input: 12 * \""3\"""", ""role"": ""assistant""}",0.0,0.20000000298023200
"[{""content"": ""Answer the following questions as best you can. You have access to the following tools:\n\nsay_hello(x) - Greets the user by name\ncalculate(x) - Evaluates a math expression\n\nUse the following format:\n\nQuestion: the input question you must answer\nThought: you should always think about what to do\nAction: the action to take, should be one of [say_hello, calculate]\nAction Input: the input to the action\nObservation: the result of the action\n... (this Thought/Action/Action Input/Observation can repeat N times)\nThought: I now know the final answer\nFinal Answer: the final answer to the original input question\n\nBegin!\n\nQuestion: Determine the outcome of multiplying 7 by an undefined variable x.\nThought:Thought: I need to represent the multiplication of 7 by an undefined variable x.\nAction: calculate\nAction Input: 7*x\nObservation: 7*x7*x7*x7*x7*x7*x7*x\nThought:"", ""role"": ""user""}]","{""content"": ""Thought: The result shows that 7 multiplied by an undefined variable x is simply 7x. \nFinal Answer: 7x \n"", ""role"": ""assistant""}",0.3333333432674410,0.0
"[{""content"": ""Answer the following questions as best you can. You have access to the following tools:\n\nsay_hello(x) - Greets the user by name\ncalculate(x) - Evaluates a math expression\n\nUse the following format:\n\nQuestion: the input question you must answer\nThought: you should always think about what to do\nAction: the action to take, should be one of [say_hello, calculate]\nAction Input: the input to the action\nObservation: the result of the action\n... (this Thought/Action/Action Input/Observation can repeat N times)\nThought: I now know the final answer\nFinal Answer: the final answer to the original input question\n\nBegin!\n\nQuestion: Determine the outcome of multiplying 7 by an undefined variable x.\nThought:"", ""role"": ""user""}]","{""content"": ""Thought: I need to represent the multiplication of 7 by an undefined variable x.\nAction: calculate\nAction Input: 7*x"", ""role"": ""assistant""}",0.0,0.4000000059604650
"[{""content"": ""Answer the following questions as best you can. You have access to the following tools:\n\nsay_hello(x) - Greets the user by name\ncalculate(x) - Evaluates a math expression\n\nUse the following format:\n\nQuestion: the input question you must answer\nThought: you should always think about what to do\nAction: the action to take, should be one of [say_hello, calculate]\nAction Input: the input to the action\nObservation: the result of the action\n... (this Thought/Action/Action Input/Observation can repeat N times)\nThought: I now know the final answer\nFinal Answer: the final answer to the original input question\n\nBegin!\n\nQuestion: What is the average temperature if the readings for a week are 72, 75, 78, 80, 74, 77, and 79 degrees Fahrenheit?\nThought:Thought: I need to calculate the average temperature. \nAction: calculate\nAction Input: (72+75+78+80+74+77+79)/7\nObservation: 76.42857142857143\nThought:"", ""role"": ""user""}]","{""content"": ""Thought: I now know the final answer\nFinal Answer: The average temperature is 76.43 degrees Fahrenheit. \n"", ""role"": ""assistant""}",1.0,1.0
"[{""content"": ""Answer the following questions as best you can. You have access to the following tools:\n\nsay_hello(x) - Greets the user by name\ncalculate(x) - Evaluates a math expression\n\nUse the following format:\n\nQuestion: the input question you must answer\nThought: you should always think about what to do\nAction: the action to take, should be one of [say_hello, calculate]\nAction Input: the input to the action\nObservation: the result of the action\n... (this Thought/Action/Action Input/Observation can repeat N times)\nThought: I now know the final answer\nFinal Answer: the final answer to the original input question\n\nBegin!\n\nQuestion: What is the average temperature if the readings for a week are 72, 75, 78, 80, 74, 77, and 79 degrees Fahrenheit?\nThought:"", ""role"": ""user""}]","{""content"": ""Thought: I need to calculate the average temperature. \nAction: calculate\nAction Input: (72+75+78+80+74+77+79)/7"", ""role"": ""assistant""}",0.0,0.4000000059604650
"[{""content"": ""Answer the following questions as best you can. You have access to the following tools:\n\nsay_hello(x) - Greets the user by name\ncalculate(x) - Evaluates a math expression\n\nUse the following format:\n\nQuestion: the input question you must answer\nThought: you should always think about what to do\nAction: the action to take, should be one of [say_hello, calculate]\nAction Input: the input to the action\nObservation: the result of the action\n... (this Thought/Action/Action Input/Observation can repeat N times)\nThought: I now know the final answer\nFinal Answer: the final answer to the original input question\n\nBegin!\n\nQuestion: Determine the outcome of multiplying 8 by an undefined variable y.\nThought:"", ""role"": ""user""}]","{""content"": ""Thought: I need to represent the multiplication of 8 by an undefined variable y.\nAction: calculate\nAction Input: 8*y"", ""role"": ""assistant""}",0.0,0.0
"[{""content"": ""Answer the following questions as best you can. You have access to the following tools:\n\nsay_hello(x) - Greets the user by name\ncalculate(x) - Evaluates a math expression\n\nUse the following format:\n\nQuestion: the input question you must answer\nThought: you should always think about what to do\nAction: the action to take, should be one of [say_hello, calculate]\nAction Input: the input to the action\nObservation: the result of the action\n... (this Thought/Action/Action Input/Observation can repeat N times)\nThought: I now know the final answer\nFinal Answer: the final answer to the original input question\n\nBegin!\n\nQuestion: Calculate the square root of a negative number, specifically -16.\nThought:"", ""role"": ""user""}]","{""content"": ""Thought: The square root of a negative number is not a real number. \nFinal Answer: The square root of -16 is not a real number. \n"", ""role"": ""assistant""}",0.0,0.0
"[{""content"": ""Answer the following questions as best you can. You have access to the following tools:\n\nsay_hello(x) - Greets the user by name\ncalculate(x) - Evaluates a math expression\n\nUse the following format:\n\nQuestion: the input question you must answer\nThought: you should always think about what to do\nAction: the action to take, should be one of [say_hello, calculate]\nAction Input: the input to the action\nObservation: the result of the action\n... (this Thought/Action/Action Input/Observation can repeat N times)\nThought: I now know the final answer\nFinal Answer: the final answer to the original input question\n\nBegin!\n\nQuestion: If a cyclist travels at a speed of 15 kilometers per hour, how far will they travel in 3 hours?\nThought:"", ""role"": ""user""}]","{""content"": ""Thought: I need to calculate the distance traveled.\nAction: calculate\nAction Input: 15 kilometers/hour * 3 hours"", ""role"": ""assistant""}",0.0,0.0
"[{""content"": ""Answer the following questions as best you can. You have access to the following tools:\n\nsay_hello(x) - Greets the user by name\ncalculate(x) - Evaluates a math expression\n\nUse the following format:\n\nQuestion: the input question you must answer\nThought: you should always think about what to do\nAction: the action to take, should be one of [say_hello, calculate]\nAction Input: the input to the action\nObservation: the result of the action\n... (this Thought/Action/Action Input/Observation can repeat N times)\nThought: I now know the final answer\nFinal Answer: the final answer to the original input question\n\nBegin!\n\nQuestion: If a train travels 90 miles in 1.5 hours, what is its average speed in miles per hour?\nThought:"", ""role"": ""user""}]","{""content"": ""Thought: I need to calculate the average speed, which is distance divided by time.\nAction: calculate\nAction Input: 90 miles / 1.5 hours"", ""role"": ""assistant""}",0.0,0.6000000238418580
"[{""content"": ""Answer the following questions as best you can. You have access to the following tools:\n\nsay_hello(x) - Greets the user by name\ncalculate(x) - Evaluates a math expression\n\nUse the following format:\n\nQuestion: the input question you must answer\nThought: you should always think about what to do\nAction: the action to take, should be one of [say_hello, calculate]\nAction Input: the input to the action\nObservation: the result of the action\n... (this Thought/Action/Action Input/Observation can repeat N times)\nThought: I now know the final answer\nFinal Answer: the final answer to the original input question\n\nBegin!\n\nQuestion: If a car travels at a speed of 60 miles per hour, how far will it travel in 2.5 hours?\nThought:Thought: I need to use the formula distance = speed * time.\nAction: calculate\nAction Input: 60 * 2.5\nObservation: 150.0\nThought:"", ""role"": ""user""}]","{""content"": ""Thought: I now know the final answer\nFinal Answer: 150 miles \n"", ""role"": ""assistant""}",1.0,1.0
"[{""content"": ""Answer the following questions as best you can. You have access to the following tools:\n\nsay_hello(x) - Greets the user by name\ncalculate(x) - Evaluates a math expression\n\nUse the following format:\n\nQuestion: the input question you must answer\nThought: you should always think about what to do\nAction: the action to take, should be one of [say_hello, calculate]\nAction Input: the input to the action\nObservation: the result of the action\n... (this Thought/Action/Action Input/Observation can repeat N times)\nThought: I now know the final answer\nFinal Answer: the final answer to the original input question\n\nBegin!\n\nQuestion: If a car travels at a speed of 60 miles per hour, how far will it travel in 2.5 hours?\nThought:"", ""role"": ""user""}]","{""content"": ""Thought: I need to use the formula distance = speed * time.\nAction: calculate\nAction Input: 60 * 2.5"", ""role"": ""assistant""}",0.0,0.20000000298023200
"[{""content"": ""Answer the following questions as best you can. You have access to the following tools:\n\nsay_hello(x) - Greets the user by name\ncalculate(x) - Evaluates a math expression\n\nUse the following format:\n\nQuestion: the input question you must answer\nThought: you should always think about what to do\nAction: the action to take, should be one of [say_hello, calculate]\nAction Input: the input to the action\nObservation: the result of the action\n... (this Thought/Action/Action Input/Observation can repeat N times)\nThought: I now know the final answer\nFinal Answer: the final answer to the original input question\n\nBegin!\n\nQuestion: How much will I pay in total if I buy 3 shirts priced at $25.99 each and a tie for $15.00?\nThought:Thought: I need to calculate the cost of the shirts and add the cost of the tie.\nAction: calculate\nAction Input: (3 * 25.99) + 15.00\nObservation: 92.97\nThought:"", ""role"": ""user""}]","{""content"": ""Thought: I now know the final answer\nFinal Answer: $92.97 \n"", ""role"": ""assistant""}",1.0,1.0
"[{""content"": ""Answer the following questions as best you can. You have access to the following tools:\n\nsay_hello(x) - Greets the user by name\ncalculate(x) - Evaluates a math expression\n\nUse the following format:\n\nQuestion: the input question you must answer\nThought: you should always think about what to do\nAction: the action to take, should be one of [say_hello, calculate]\nAction Input: the input to the action\nObservation: the result of the action\n... (this Thought/Action/Action Input/Observation can repeat N times)\nThought: I now know the final answer\nFinal Answer: the final answer to the original input question\n\nBegin!\n\nQuestion: How much will I pay in total if I buy 3 shirts priced at $25.99 each and a tie for $15.00?\nThought:"", ""role"": ""user""}]","{""content"": ""Thought: I need to calculate the cost of the shirts and add the cost of the tie.\nAction: calculate\nAction Input: (3 * 25.99) + 15.00"", ""role"": ""assistant""}",0.0,0.0
"[{""content"": ""Answer the following questions as best you can. You have access to the following tools:\n\nsay_hello(x) - Greets the user by name\ncalculate(x) - Evaluates a math expression\n\nUse the following format:\n\nQuestion: the input question you must answer\nThought: you should always think about what to do\nAction: the action to take, should be one of [say_hello, calculate]\nAction Input: the input to the action\nObservation: the result of the action\n... (this Thought/Action/Action Input/Observation can repeat N times)\nThought: I now know the final answer\nFinal Answer: the final answer to the original input question\n\nBegin!\n\nQuestion: Calculate the total cost if I buy 10 oranges at $0.50 each and a basket for $3.00, but apply a 10% discount on the total.\nThought:Thought: I need to calculate the cost of the oranges, add the basket cost, then apply the discount. \nAction: calculate\nAction Input: (10 * 0.50) + 3.00 \nObservation: 8.0\nThought:Thought: Now I need to calculate 10% of the total cost and subtract it.\nAction: calculate\nAction Input: 8.0 * 0.10\nObservation: 0.8\nThought:Thought: I need to subtract the discount from the total cost.\nAction: calculate\nAction Input: 8.0 - 0.8\nObservation: 7.2\nThought:"", ""role"": ""user""}]","{""content"": ""Thought: I now know the final answer\nFinal Answer: The total cost after the discount is $7.20. \n"", ""role"": ""assistant""}",1.0,1.0
"[{""content"": ""Answer the following questions as best you can. You have access to the following tools:\n\nsay_hello(x) - Greets the user by name\ncalculate(x) - Evaluates a math expression\n\nUse the following format:\n\nQuestion: the input question you must answer\nThought: you should always think about what to do\nAction: the action to take, should be one of [say_hello, calculate]\nAction Input: the input to the action\nObservation: the result of the action\n... (this Thought/Action/Action Input/Observation can repeat N times)\nThought: I now know the final answer\nFinal Answer: the final answer to the original input question\n\nBegin!\n\nQuestion: Calculate the total cost if I buy 10 oranges at $0.50 each and a basket for $3.00, but apply a 10% discount on the total.\nThought:Thought: I need to calculate the cost of the oranges, add the basket cost, then apply the discount. \nAction: calculate\nAction Input: (10 * 0.50) + 3.00 \nObservation: 8.0\nThought:Thought: Now I need to calculate 10% of the total cost and subtract it.\nAction: calculate\nAction Input: 8.0 * 0.10\nObservation: 0.8\nThought:"", ""role"": ""user""}]","{""content"": ""Thought: I need to subtract the discount from the total cost.\nAction: calculate\nAction Input: 8.0 - 0.8"", ""role"": ""assistant""}",0.0,0.20000000298023200
"[{""content"": ""Answer the following questions as best you can. You have access to the following tools:\n\nsay_hello(x) - Greets the user by name\ncalculate(x) - Evaluates a math expression\n\nUse the following format:\n\nQuestion: the input question you must answer\nThought: you should always think about what to do\nAction: the action to take, should be one of [say_hello, calculate]\nAction Input: the input to the action\nObservation: the result of the action\n... (this Thought/Action/Action Input/Observation can repeat N times)\nThought: I now know the final answer\nFinal Answer: the final answer to the original input question\n\nBegin!\n\nQuestion: Calculate the total cost if I buy 10 oranges at $0.50 each and a basket for $3.00, but apply a 10% discount on the total.\nThought:Thought: I need to calculate the cost of the oranges, add the basket cost, then apply the discount. \nAction: calculate\nAction Input: (10 * 0.50) + 3.00 \nObservation: 8.0\nThought:"", ""role"": ""user""}]","{""content"": ""Thought: Now I need to calculate 10% of the total cost and subtract it.\nAction: calculate\nAction Input: 8.0 * 0.10"", ""role"": ""assistant""}",0.0,0.0
"[{""content"": ""Answer the following questions as best you can. You have access to the following tools:\n\nsay_hello(x) - Greets the user by name\ncalculate(x) - Evaluates a math expression\n\nUse the following format:\n\nQuestion: the input question you must answer\nThought: you should always think about what to do\nAction: the action to take, should be one of [say_hello, calculate]\nAction Input: the input to the action\nObservation: the result of the action\n... (this Thought/Action/Action Input/Observation can repeat N times)\nThought: I now know the final answer\nFinal Answer: the final answer to the original input question\n\nBegin!\n\nQuestion: Calculate the total cost if I buy 10 oranges at $0.50 each and a basket for $3.00, but apply a 10% discount on the total.\nThought:"", ""role"": ""user""}]","{""content"": ""Thought: I need to calculate the cost of the oranges, add the basket cost, then apply the discount. \nAction: calculate\nAction Input: (10 * 0.50) + 3.00 "", ""role"": ""assistant""}",0.0,0.20000000298023200
"[{""content"": ""Answer the following questions as best you can. You have access to the following tools:\n\nsay_hello(x) - Greets the user by name\ncalculate(x) - Evaluates a math expression\n\nUse the following format:\n\nQuestion: the input question you must answer\nThought: you should always think about what to do\nAction: the action to take, should be one of [say_hello, calculate]\nAction Input: the input to the action\nObservation: the result of the action\n... (this Thought/Action/Action Input/Observation can repeat N times)\nThought: I now know the final answer\nFinal Answer: the final answer to the original input question\n\nBegin!\n\nQuestion: Calculate the perimeter of a triangle with sides measuring 7 cm, 10 cm, and 5 cm.\nThought:Thought: I need to add up the lengths of all the sides.\nAction: calculate\nAction Input: 7 + 10 + 5\nObservation: 22\nThought:"", ""role"": ""user""}]","{""content"": ""Thought: I now know the final answer\nFinal Answer: 22 cm \n"", ""role"": ""assistant""}",1.0,1.0
"[{""content"": ""Answer the following questions as best you can. You have access to the following tools:\n\nsay_hello(x) - Greets the user by name\ncalculate(x) - Evaluates a math expression\n\nUse the following format:\n\nQuestion: the input question you must answer\nThought: you should always think about what to do\nAction: the action to take, should be one of [say_hello, calculate]\nAction Input: the input to the action\nObservation: the result of the action\n... (this Thought/Action/Action Input/Observation can repeat N times)\nThought: I now know the final answer\nFinal Answer: the final answer to the original input question\n\nBegin!\n\nQuestion: Calculate the perimeter of a triangle with sides measuring 7 cm, 10 cm, and 5 cm.\nThought:"", ""role"": ""user""}]","{""content"": ""Thought: I need to add up the lengths of all the sides.\nAction: calculate\nAction Input: 7 + 10 + 5"", ""role"": ""assistant""}",0.0,0.20000000298023200
"[{""content"": ""Answer the following questions as best you can. You have access to the following tools:\n\nsay_hello(x) - Greets the user by name\ncalculate(x) - Evaluates a math expression\n\nUse the following format:\n\nQuestion: the input question you must answer\nThought: you should always think about what to do\nAction: the action to take, should be one of [say_hello, calculate]\nAction Input: the input to the action\nObservation: the result of the action\n... (this Thought/Action/Action Input/Observation can repeat N times)\nThought: I now know the final answer\nFinal Answer: the final answer to the original input question\n\nBegin!\n\nQuestion: What is the result of adding \""five\"" to 10?\nThought:"", ""role"": ""user""}]","{""content"": ""Thought: I need to evaluate the expression \""10 + five\"".\nAction: calculate\nAction Input: 10 + five"", ""role"": ""assistant""}",0.0,0.4000000059604650
"[{""content"": ""Answer the following questions as best you can. You have access to the following tools:\n\nsay_hello(x) - Greets the user by name\ncalculate(x) - Evaluates a math expression\n\nUse the following format:\n\nQuestion: the input question you must answer\nThought: you should always think about what to do\nAction: the action to take, should be one of [say_hello, calculate]\nAction Input: the input to the action\nObservation: the result of the action\n... (this Thought/Action/Action Input/Observation can repeat N times)\nThought: I now know the final answer\nFinal Answer: the final answer to the original input question\n\nBegin!\n\nQuestion: How much interest will I earn in a year if I invest $500 at an annual interest rate of 3%?\nThought:"", ""role"": ""user""}]","{""content"": ""Thought: I need to calculate the interest earned. \nAction: calculate\nAction Input: $500 * 0.03 "", ""role"": ""assistant""}",0.0,0.20000000298023200
"[{""content"": ""Answer the following questions as best you can. You have access to the following tools:\n\nsay_hello(x) - Greets the user by name\ncalculate(x) - Evaluates a math expression\n\nUse the following format:\n\nQuestion: the input question you must answer\nThought: you should always think about what to do\nAction: the action to take, should be one of [say_hello, calculate]\nAction Input: the input to the action\nObservation: the result of the action\n... (this Thought/Action/Action Input/Observation can repeat N times)\nThought: I now know the final answer\nFinal Answer: the final answer to the original input question\n\nBegin!\n\nQuestion: Calculate the result of adding \""ten\"" to 20.\nThought:"", ""role"": ""user""}]","{""content"": ""Thought: I need to evaluate the expression \""20 + ten\"".\nAction: calculate\nAction Input: 20 + ten"", ""role"": ""assistant""}",0.0,0.800000011920929
"[{""content"": ""Answer the following questions as best you can. You have access to the following tools:\n\nsay_hello(x) - Greets the user by name\ncalculate(x) - Evaluates a math expression\n\nUse the following format:\n\nQuestion: the input question you must answer\nThought: you should always think about what to do\nAction: the action to take, should be one of [say_hello, calculate]\nAction Input: the input to the action\nObservation: the result of the action\n... (this Thought/Action/Action Input/Observation can repeat N times)\nThought: I now know the final answer\nFinal Answer: the final answer to the original input question\n\nBegin!\n\nQuestion: What is the total cost if I buy 6 notebooks at $3.25 each and a pack of pencils for $4.50?\nThought:Thought: I need to calculate the cost of the notebooks and add it to the cost of the pencils.\nAction: calculate\nAction Input: (6 * 3.25) + 4.50\nObservation: 24.0\nThought:"", ""role"": ""user""}]","{""content"": ""Thought: I now know the final answer\nFinal Answer: $24.00 \n"", ""role"": ""assistant""}",1.0,1.0
"[{""content"": ""Answer the following questions as best you can. You have access to the following tools:\n\nsay_hello(x) - Greets the user by name\ncalculate(x) - Evaluates a math expression\n\nUse the following format:\n\nQuestion: the input question you must answer\nThought: you should always think about what to do\nAction: the action to take, should be one of [say_hello, calculate]\nAction Input: the input to the action\nObservation: the result of the action\n... (this Thought/Action/Action Input/Observation can repeat N times)\nThought: I now know the final answer\nFinal Answer: the final answer to the original input question\n\nBegin!\n\nQuestion: What is the total cost if I buy 6 notebooks at $3.25 each and a pack of pencils for $4.50?\nThought:"", ""role"": ""user""}]","{""content"": ""Thought: I need to calculate the cost of the notebooks and add it to the cost of the pencils.\nAction: calculate\nAction Input: (6 * 3.25) + 4.50"", ""role"": ""assistant""}",0.0,0.20000000298023200
"[{""content"": ""Answer the following questions as best you can. You have access to the following tools:\n\nsay_hello(x) - Greets the user by name\ncalculate(x) - Evaluates a math expression\n\nUse the following format:\n\nQuestion: the input question you must answer\nThought: you should always think about what to do\nAction: the action to take, should be one of [say_hello, calculate]\nAction Input: the input to the action\nObservation: the result of the action\n... (this Thought/Action/Action Input/Observation can repeat N times)\nThought: I now know the final answer\nFinal Answer: the final answer to the original input question\n\nBegin!\n\nQuestion: What is the result of dividing 100 by (5 - 5)?\nThought:"", ""role"": ""user""}]","{""content"": ""Thought: I need to calculate the result of the expression.\nAction: calculate\nAction Input: 100 / (5 - 5)"", ""role"": ""assistant""}",0.0,0.0
"[{""content"": ""Answer the following questions as best you can. You have access to the following tools:\n\nsay_hello(x) - Greets the user by name\ncalculate(x) - Evaluates a math expression\n\nUse the following format:\n\nQuestion: the input question you must answer\nThought: you should always think about what to do\nAction: the action to take, should be one of [say_hello, calculate]\nAction Input: the input to the action\nObservation: the result of the action\n... (this Thought/Action/Action Input/Observation can repeat N times)\nThought: I now know the final answer\nFinal Answer: the final answer to the original input question\n\nBegin!\n\nQuestion: What is the result of dividing a number by itself, where the number is represented as a string \""10\""?\nThought:"", ""role"": ""user""}]","{""content"": ""Thought: I need to calculate the result of dividing \""10\"" by \""10\"". \nAction: calculate\nAction Input: \""10\"" / \""10\"""", ""role"": ""assistant""}",0.0,0.6000000238418580
"[{""content"": ""Answer the following questions as best you can. You have access to the following tools:\n\nsay_hello(x) - Greets the user by name\ncalculate(x) - Evaluates a math expression\n\nUse the following format:\n\nQuestion: the input question you must answer\nThought: you should always think about what to do\nAction: the action to take, should be one of [say_hello, calculate]\nAction Input: the input to the action\nObservation: the result of the action\n... (this Thought/Action/Action Input/Observation can repeat N times)\nThought: I now know the final answer\nFinal Answer: the final answer to the original input question\n\nBegin!\n\nQuestion: What is the result of dividing 10 by zero?\nThought:"", ""role"": ""user""}]","{""content"": ""Thought:  Dividing by zero is undefined in mathematics. \nFinal Answer:  Division by zero is undefined. \n"", ""role"": ""assistant""}",1.0,1.0
"[{""content"": ""Answer the following questions as best you can. You have access to the following tools:\n\nsay_hello(x) - Greets the user by name\ncalculate(x) - Evaluates a math expression\n\nUse the following format:\n\nQuestion: the input question you must answer\nThought: you should always think about what to do\nAction: the action to take, should be one of [say_hello, calculate]\nAction Input: the input to the action\nObservation: the result of the action\n... (this Thought/Action/Action Input/Observation can repeat N times)\nThought: I now know the final answer\nFinal Answer: the final answer to the original input question\n\nBegin!\n\nQuestion: If a car travels at a speed of 70 miles per hour, how far will it travel in 0 hours?\nThought:"", ""role"": ""user""}]","{""content"": ""Thought: I need to calculate the distance traveled.\nAction: calculate\nAction Input: 70 miles per hour * 0 hours"", ""role"": ""assistant""}",0.0,0.0
"[{""content"": ""Answer the following questions as best you can. You have access to the following tools:\n\nsay_hello(x) - Greets the user by name\ncalculate(x) - Evaluates a math expression\n\nUse the following format:\n\nQuestion: the input question you must answer\nThought: you should always think about what to do\nAction: the action to take, should be one of [say_hello, calculate]\nAction Input: the input to the action\nObservation: the result of the action\n... (this Thought/Action/Action Input/Observation can repeat N times)\nThought: I now know the final answer\nFinal Answer: the final answer to the original input question\n\nBegin!\n\nQuestion: What is the result of subtracting a number from itself, where the number is represented as a string \""30\""?\nThought:Thought: I need to evaluate the expression \""30 - 30\"". \nAction: calculate\nAction Input: 30 - 30\nObservation: 0\nThought:"", ""role"": ""user""}]","{""content"": ""Thought: I now know the final answer\nFinal Answer: 0 \n"", ""role"": ""assistant""}",1.0,1.0
"[{""content"": ""Answer the following questions as best you can. You have access to the following tools:\n\nsay_hello(x) - Greets the user by name\ncalculate(x) - Evaluates a math expression\n\nUse the following format:\n\nQuestion: the input question you must answer\nThought: you should always think about what to do\nAction: the action to take, should be one of [say_hello, calculate]\nAction Input: the input to the action\nObservation: the result of the action\n... (this Thought/Action/Action Input/Observation can repeat N times)\nThought: I now know the final answer\nFinal Answer: the final answer to the original input question\n\nBegin!\n\nQuestion: What is the result of subtracting a number from itself, where the number is represented as a string \""30\""?\nThought:"", ""role"": ""user""}]","{""content"": ""Thought: I need to evaluate the expression \""30 - 30\"". \nAction: calculate\nAction Input: 30 - 30"", ""role"": ""assistant""}",0.0,0.0
"[{""content"": ""Answer the following questions as best you can. You have access to the following tools:\n\nsay_hello(x) - Greets the user by name\ncalculate(x) - Evaluates a math expression\n\nUse the following format:\n\nQuestion: the input question you must answer\nThought: you should always think about what to do\nAction: the action to take, should be one of [say_hello, calculate]\nAction Input: the input to the action\nObservation: the result of the action\n... (this Thought/Action/Action Input/Observation can repeat N times)\nThought: I now know the final answer\nFinal Answer: the final answer to the original input question\n\nBegin!\n\nQuestion: What is the total cost if I buy 3 apples at $1.50 each and 2 bananas at $0.75 each?\nThought:Thought: I need to calculate the cost of the apples and bananas separately, then add them together. \nAction: calculate\nAction Input: (3 * 1.50) + (2 * 0.75)\nObservation: 6.0\nThought:"", ""role"": ""user""}]","{""content"": ""Thought: I now know the final answer\nFinal Answer: $6.00 \n"", ""role"": ""assistant""}",1.0,1.0
"[{""content"": ""Answer the following questions as best you can. You have access to the following tools:\n\nsay_hello(x) - Greets the user by name\ncalculate(x) - Evaluates a math expression\n\nUse the following format:\n\nQuestion: the input question you must answer\nThought: you should always think about what to do\nAction: the action to take, should be one of [say_hello, calculate]\nAction Input: the input to the action\nObservation: the result of the action\n... (this Thought/Action/Action Input/Observation can repeat N times)\nThought: I now know the final answer\nFinal Answer: the final answer to the original input question\n\nBegin!\n\nQuestion: What is the total cost if I buy 3 apples at $1.50 each and 2 bananas at $0.75 each?\nThought:"", ""role"": ""user""}]","{""content"": ""Thought: I need to calculate the cost of the apples and bananas separately, then add them together. \nAction: calculate\nAction Input: (3 * 1.50) + (2 * 0.75)"", ""role"": ""assistant""}",0.0,0.4000000059604650
"[{""content"": ""Answer the following questions as best you can. You have access to the following tools:\n\nsay_hello(x) - Greets the user by name\ncalculate(x) - Evaluates a math expression\n\nUse the following format:\n\nQuestion: the input question you must answer\nThought: you should always think about what to do\nAction: the action to take, should be one of [say_hello, calculate]\nAction Input: the input to the action\nObservation: the result of the action\n... (this Thought/Action/Action Input/Observation can repeat N times)\nThought: I now know the final answer\nFinal Answer: the final answer to the original input question\n\nBegin!\n\nQuestion: Calculate the total cost of 5 movie tickets priced at $12.50 each and a popcorn combo for $8.75.\nThought:Thought: I need to calculate the cost of the tickets and add the popcorn cost.\nAction: calculate\nAction Input: (5 * 12.50) + 8.75\nObservation: 71.25\nThought:"", ""role"": ""user""}]","{""content"": ""Thought: I now know the final answer\nFinal Answer: $71.25 \n"", ""role"": ""assistant""}",1.0,1.0
"[{""content"": ""Answer the following questions as best you can. You have access to the following tools:\n\nsay_hello(x) - Greets the user by name\ncalculate(x) - Evaluates a math expression\n\nUse the following format:\n\nQuestion: the input question you must answer\nThought: you should always think about what to do\nAction: the action to take, should be one of [say_hello, calculate]\nAction Input: the input to the action\nObservation: the result of the action\n... (this Thought/Action/Action Input/Observation can repeat N times)\nThought: I now know the final answer\nFinal Answer: the final answer to the original input question\n\nBegin!\n\nQuestion: Calculate the total cost of 5 movie tickets priced at $12.50 each and a popcorn combo for $8.75.\nThought:"", ""role"": ""user""}]","{""content"": ""Thought: I need to calculate the cost of the tickets and add the popcorn cost.\nAction: calculate\nAction Input: (5 * 12.50) + 8.75"", ""role"": ""assistant""}",0.0,0.20000000298023200